Workbook

Sheet Como Usar
A1: COMO USAR ESTA PLANILHA
A3: 1. Materias | B3: Liste suas matérias de estudo. A quantidade de tópicos é calculada automaticamente.
A5: 2. Topicos | B5: Cadastre um tópico por linha (ID, Matéria, Nome, Status, Data). Célula amarela = exemplo.
A7: 3. Revisoes | B7: Para cada tópico, preencha a data em que realizou cada uma das 20 revisões (R1 a R20).
A9: 4. Painel de Progresso | B9: Mostra automaticamente o total de tópicos, concluídos e % de progresso geral.
A11: Importante | B11: Mantenha o tópico na MESMA LINHA nas abas Topicos e Revisoes (ex: tópico da linha 5 usa a linha 5 também na aba Revisoes).
A13: Célula amarela | B13: Indica uma linha de EXEMPLO. Você pode apagar o conteúdo e usar a linha para seu próprio tópico.

Sheet Materias
A1: MATÉRIAS CADASTRADAS
A2: Matéria | B2: Qtd. Tópicos
A3: Direito Constitucional | B3: =COUNTIF(Topicos!$B$3:$B$200,A3) -> 1
A4: Direito Penal | B4: =COUNTIF(Topicos!$B$3:$B$200,A4) -> 0
A5: Direito Processual Penal | B5: =COUNTIF(Topicos!$B$3:$B$200,A5) -> 0
A6: Português | B6: =COUNTIF(Topicos!$B$3:$B$200,A6) -> 0
A7: Matemática | B7: =COUNTIF(Topicos!$B$3:$B$200,A7) -> 0
A8: Informática | B8: =COUNTIF(Topicos!$B$3:$B$200,A8) -> 0
A9: Legislação | B9: =COUNTIF(Topicos!$B$3:$B$200,A9) -> 0
A10: Atualidades | B10: =COUNTIF(Topicos!$B$3:$B$200,A10) -> 0
B11: =IF(A11="","",COUNTIF(Topicos!$B$3:$B$200,A11))
B12: =IF(A12="","",COUNTIF(Topicos!$B$3:$B$200,A12))
B13: =IF(A13="","",COUNTIF(Topicos!$B$3:$B$200,A13))
B14: =IF(A14="","",COUNTIF(Topicos!$B$3:$B$200,A14))
B15: =IF(A15="","",COUNTIF(Topicos!$B$3:$B$200,A15))
B16: =IF(A16="","",COUNTIF(Topicos!$B$3:$B$200,A16))
B17: =IF(A17="","",COUNTIF(Topicos!$B$3:$B$200,A17))
B18: =IF(A18="","",COUNTIF(Topicos!$B$3:$B$200,A18))
B19: =IF(A19="","",COUNTIF(Topicos!$B$3:$B$200,A19))
B20: =IF(A20="","",COUNTIF(Topicos!$B$3:$B$200,A20))

Sheet Topicos
A1: TÓPICOS DE ESTUDO
A2: ID | B2: Matéria | C2: Tópico | D2: Status | E2: Data Cadastro | F2: Revisões Feitas
A3: 1 | B3: Direito Constitucional | C3: Princípios Fundamentais | D3: Em andamento | E3: 01/07/2026 | F3: =COUNTIF(Revisoes!D3:W3,"<>") -> 2
F4: =IF(C4="","",COUNTIF(Revisoes!D4:W4,"<>"))
F5: =IF(C5="","",COUNTIF(Revisoes!D5:W5,"<>"))
F6: =IF(C6="","",COUNTIF(Revisoes!D6:W6,"<>"))
F7: =IF(C7="","",COUNTIF(Revisoes!D7:W7,"<>"))
F8: =IF(C8="","",COUNTIF(Revisoes!D8:W8,"<>"))
F9: =IF(C9="","",COUNTIF(Revisoes!D9:W9,"<>"))
F10: =IF(C10="","",COUNTIF(Revisoes!D10:W10,"<>"))
F11: =IF(C11="","",COUNTIF(Revisoes!D11:W11,"<>"))
F12: =IF(C12="","",COUNTIF(Revisoes!D12:W12,"<>"))
F13: =IF(C13="","",COUNTIF(Revisoes!D13:W13,"<>"))
F14: =IF(C14="","",COUNTIF(Revisoes!D14:W14,"<>"))
F15: =IF(C15="","",COUNTIF(Revisoes!D15:W15,"<>"))
... F200: =IF(C200="","",COUNTIF(Revisoes!D200:W200,"<>"))

Sheet Revisoes
A1: REVISÕES (R1 A R20) — MÉTODO DE REPETIÇÃO ESPAÇADA
A2: ID Tópico | B2: Matéria | C2: Tópico | D2: R1 | E2: R2 | F2: R3 | G2: R4 | H2: R5 | I2: R6 | J2: R7 | K2: R8 | L2: R9 | M2: R10 | N2: R11 | O2: R12 | P2: R13 | Q2: R14 | R2: R15 | S2: R16 | T2: R17 | U2: R18 | V2: R19 | W2: R20
A3: 1 | B3: Direito Constitucional | C3: Princípios Fundamentais | D3: 02/07/2026 | E3: 05/07/2026

Sheet Painel de Progresso
A1: PAINEL DE PROGRESSO
A2: Indicador | B2: Valor
A3: Total de tópicos cadastrados | B3: =COUNTA(Topicos!C3:C200) -> 1
A4: Tópicos concluídos | B4: =COUNTIF(Topicos!D3:D200,"Concluído") -> 0
A5: Revisões possíveis (tópicos x 20) | B5: =B3*20 -> 20
A6: Revisões feitas | B6: =COUNTA(Revisoes!D3:W200) -> 2
A7: Progresso geral (%) | B7: =IF(B5=0,0,ROUND(B6/B5*100,0)) -> 10
A9: Dica: mantenha a mesma ordem/linha de tópicos nas abas Topicos e Revisoes para os cálculos funcionarem.
